sentiment_label,tweet_text
1,stellargirl i loooooooovvvvvveee my kindle not that the dx is cool but the  is fantastic in its own right
1,reading my kindle  love it lee childs is good read
1,ok first assesment of the kindle it fucking rocks
1,kenburbary youll love your kindle ive had mine for a few months and never looked back the new big one is huge no need for remorse 
1,mikefish  fair enough but i have the kindle and i think its perfect  
1,richardebaker no it is too big im quite happy with the kindle
0,fuck this economy i hate aig and their non loan given asses
1,jquery is my new best friend
1,loves twitter
1,how can you not love obama he makes jokes about himself
1,check this video out  president obama at the white house correspondents dinner httpbitlyimxum
0,karoli i firmly believe that obamapelosi have zero desire to be civil  its a charade and a slogan but they want to destroy conservatism
1,house correspondents dinner was last night whoopi barbara amp sherri went obama got a standing ovation
1,watchin espnjus seen this new nike commerical with a puppet lebronsht was hilariouslmao
0,dear nike stop with the flywire that shit is a waste of science and ugly love vincentxx
1,lebron best athlete of our generation if not all time basketball related i dont want to get into intersport debates about   
0,i was talking to this guy last night and he was telling me that he is a die hard spurs fan  he also told me that he hates lebron james
1,i love lebron httpbitlypdhur
0,ludajuice lebron is a beast but im still cheering  the atil the end
1,pmillzz lebron is the boss
1,sketchbug lebron is a hometown hero to me lol i love the lakers but lets go cavs lol
1,lebron and zydrunas are such an awesome duo
1,wordwhizkid lebron is a beast nobody in the nba comes even close
1,downloading apps for my iphone so much fun  there literally is an app for just about anything
1,good news just had a call from the visa office saying everything is finewhat a relief i am sick of scams out there stealing
1,httptwurlnlepkrb  awesome come back from biz via fredwilson
1,in montreal for a long weekend of rampr much needed
1,booz allen hamilton has a bad ass homegrown social collaboration platform way cool  ttiv
1,mluc customer innovation award winner booz allen hamilton  httppingfmchpp
1,sochi i current use the nikon d and love it but not as much as the canon dd i chose the d for the  video feature my mistake
1,need suggestions for a good ir filter for my canon d  got some pls dm
1,surfit i just checked my google for my business blip shows up as the second entry huh is that a good or ba  httpblipfmemhv
1,phyreman google is always a good place to look shouldve mentioned i worked on the mustang w my dad kimblet
0,played with an android google phone the slide out screen scares me i would break that fucker so fast still prefer my iphone
0,us planning to resume the military tribunals at guantanamo bay only this time those on trial will be aig execs and chrysler debt holders
0,omg so bored amp my tattoooos are so itchy  help aha 
0,im itchy and miserable
0,sekseemess no im not itchy for now maybe later lol
1,rt jessverr i love the nerdy stanford human biology videos  makes me miss school httpbitlytnr
1,spinuzzi has been a bit crazy with steep learning curve but lyx is really good for long docs for anything shorter it would be insane
1,im listening to pyt by danny gokey lt lt lt aww hes so amazing i lt him so much 
1,is going to sleep then on a bike ride
0,cant sleep my tooth is aching
0,blah blah blah same old same old no plans today going back to sleep i guess
0,glad i didnt do bay to breakers today its  freaking degrees in san francisco wtf
1,is in san francisco at bay to breakers
1,just landed at san francisco
1,san francisco today  any suggestions
0,obama administration must stop bonuses to aig ponzi schemers  httpbitlycuig
0,started to think that citi is in really deep sampt are they gonna survive the turmoil or are they gonna be the next aig
0,shaunwoo haten on aig
1,yarnthing you will not regret going to see star trek it was awesome
1,on my way to see star trek  the esquire
1,going to see star trek soon with my dad
0,annoying new trend on the internets  people picking apart michael lewis and malcolm gladwell  nobody wants to read that
1,bill simmons in conversation with malcolm gladwell httpbitlyjo
1,highly recommend httptinyurlcomhowdavidbeatsgoliath by malcolm gladwell
1,blink by malcolm gladwell amazing book and the tipping point
1,malcolm gladwell might be my new man crush
0,omg the commercials alone on espn are going to drive me nuts
1,robmalon playing with twitter api sounds fun  may need to take a class or find a new friend who like to generate results with api code
1,playing with curl and the twitter api
1,hello twitter api 
1,playing with java and the twitter api
0,morind because the twitter api is slow and most clients arent good
0,yahoo answers can be a butt sometimes
1,is scrapbooking with nic d
1,rt mashable five things wolfram alpha does better and vastly different than google  httpbitlynsnr
1,just changed my default pic to a nike basketball cause bball is awesome
1,nike owns nba playoffs ads w lebron kobe carmelo httpowlyuiy  adidas billups howard  marketing branding
1,next time ill call myself nike
1,new blog post nike sb dunk low premium white gum httptrimlott
0,rt smartchickpdx was just told that nike layoffs started today 
1,back when i worked for nike we had one fav word  just do it 
1,by the way im totally inspired by this freaky nike commercial httpsnurlcomicgj
1,giving weka an app engine interface using the bird strike data for the tests the logo is a given
1,brand new canon eos d mp dslr camera canon mm is lens  web technology thread brand new canon eos  httpumavrevcomat
1,class the d is supposed to come today 
0,needs someone to explain lambda calculus to him 
0,took the graduate field exam for computer science today  nothing makes you feel like more of an idiot than lambda calculus
1,shout outs to all east palo alto for being in the buildin karizmakaze cal gta also thanks to profits of doom universal hempz cracka
0,legalgeekery yeahhhhhhhhh i wouldnt really have lived in east palo alto if i could have avoided it  i guess its only for the summer
1,accannis edog great stanford course thanks for making it available to the public really helpful and informative for starting off
1,nvidia names stanfords bill dally chief scientist vp of research httpbitlyfvvg
1,new blog post harvard versus stanford  who wins httpbitlymcoco
1, work til pm lets go lakers
0,damn you north korea httpbitlyktmeq
0,can we just go ahead and blow north korea off the map already
0,north korea please cease this douchebaggery china doesnt even like you anymore httpbitlynehsl
0,why the hell is pelosi in freakin china and on whose dime
0,are you burning more cash  than chrysler and gm stop the financial tsunami where bailout means taking a handout
0,insects have infected my spinach plant 
0,wish i could catch every mosquito in the world n burn em slowlythey been bitin the shit outta me daymosquitos are the assholes of insects
0,just got back from church and i totally hate insects
0,just got mcdonalds goddam those eggs make me sick o yeah laker up date go lakers not much of an update well its true so suck it
1,omgg i ohhdee want mcdonalds damn i wonder if its open lol 
0,history exam studying ugh
0,i hate revision its so boring i am totally unprepared for my exam tomorrow  things are not looking good
0,higher physics exam tommorow not lookin forward to it much 
0,its a bank holiday yet im only out of work now exam season sucks
0,cheney and bush are the real culprits  httpfwixcomarticle
0,lifes a bitch and so is dick cheney p bipart tlot tcot hhrs gop dnc httpisgddjyq
0,dick cheneys dishonest speech about torture terror and obama fred kaplan slate httpisgddihg
0,the republican party is a bunch of antiabortion zealots who couldnt draw flies to a dump  neal boortz just now on the radio
0,is twitters connections api broken some tweets didnt make it to twitter
0,i srsly hate the stupid twitter api timeout thing soooo annoying 
1,psychemedia i really liked kswedbergs learning jquery book httpbitlypglt is worth a look too
1,jquery ui  book review  httpcfbloggersorgc
1,very interesting ad from adobe by goodby silverstein amp partners  youtube  adobe cs le sens propre httpbitlyvprpt
1,goodby silverstein agency new site httpwwwgoodbysilversteincom great
1,rt designplay goodby silversteins new site httpwwwgoodbysilversteincom i enjoy it nice find
1,the ever amazing psyop and goodby silverstein amp partners for hp httpbitlygru have to go play with after effects now
1,top ten most watched on viralvideo chart  love the nike mostvaluablepuppets campaign from wieden amp kennedy httpbitlynrn
1,zomg i have a g
1,ok so lots of buzz from io but how lucky are they  a free g httpisgdhyzl
1,just got a free g android at google io
1,guess ill be retiring my g and start using my developer g woot googleio
1,at gwt fireside chat googleio
1,i am happy for philip being at googleio today
1,lakers played great  cannot wait for thursday night lakers vs 
1,hi there does anyone have a great source for advice on viral marketing httplinkgsytz
1,judd apatow creates fake sitcom on nbccom to market his new movie viral marketing at its best httpisgdkyk
1,heres a case study on how to use viral marketing to add over  people to your list httpsniprcomioz
0,viral marketing fail this acia pills brand oughta get shut down for hacking into peoples messengers  i get  msgs in a day arrrgh
1,watching night at the museum  lmao
1,i loved night at the museum
1,going to see the new night at the museum  movie with my family oh boy a three year old in the movies fuin
1,just got back from the movies  went to see the new night at the museum with rachel  it was good
1,just saw the new night at the museum movieit wasokaylol 
1,going to see night at the museum  with tall boy
1,shannyoday i will take you on a date to see night at the museum  whenever you wantit looks soooooo good
1,no watching the night at the museum getting really good
1,night at the museum wolverine and junk food  perfect monday
1,saw night at the museum  last night pretty crazy movie but the cast was awesome so it was well worth it robin williams forever
1,i saw night at the museum battle of the swithsonian today it was okay your typical kids ben stiller movie
1,taking katie to see night at the museum  she picked it
0,night at the museum tonite instead of up  oh well that  yr old better enjoy it lol
1,gm says expects announcment on sale of hummer soon  reuters wdsugm says expects announcment on sale of hummer  httpbitlyefv
0,its unfortunate that after the stimulus plan was put in place twice to help gm on the back of the american people has led to the inevitable
0,tell me again why we are giving more  to gm we should use that  for all the programs that support the unemployed
0,jdreiss oh yes but if gm dies it will only be worth more boo hahaha
0,time warner cable is down again rd time since memorial day bummer
0,i would rather pay reasonable yearly taxes for free fast internet than get gouged by time warner for a slow connection
0,nooooooo my dvr just died and i was only half way through the ea presser hate you time warner
0,fck time warner cable you fcking suck balls i have a  hd tv amp my damn hd channels hardly ever come in bullshit
0,time warner has the worse customer service ever i will never use them again
0,time warner is the devil worst possible time for the internet to go out
0,fuck no internet damn time warner
0,time warner really picks the worst time to not work all i want to do is get to mtvcom so i can watch the hills wtfffff
0,i hate time warner soooo wish i had vios cant watch the fricken mets game wo buffering i feel like im watching free internet porn
0,ahhgot rid of stupid time warner today amp now taking a nap while the roomies cook for me pretty good end for a monday 
0,time warners hd line up is crap
0,is being fucked by time warner cable didnt know modems could explode and susan boyle sucks too
1,time warner cable pulls the plug on the girlfriend experience  wwwtinyurlcommfk
0,time warner cable slogan where calling it a day at pm happens
1,rocawear heads to china building  stores   httptinyurlcomnofet
1,climate focus turns to beijing the united nations the us and european governments have called on china to coo httptinyurlcomlton
1,myfoxdc barrie students back from trip to china a silver spring high schools class trip to china has en httptinyurlcomnlhqba
1,three china aerospace giants develop tianjin binhai  new area   b yuan invested   httpbitlymmidv
1,httpxigsfo gm ceo china will continue to be key partner
1,rt latimesautos is now the time to buy a gm car httpbitlynrzlu
0,recovering from surgerywishing julesrenner was here 
1,my wrist still hurts i have to get it looked at i hate the drdentistscary places  time to watch eagle eye if you want to join txt
1,dentist tomorrow have to brush well in the morning like i make my hair all nice before i get it cut why
0,the dentist lied  u wont feel any discomort prob wont even need pain pills man u twippin this shit hurt how many pills can i take
0,kirstiealley my dentist is great but shes expensive
1,kirstiealley pet dentist httpwwwfunnyvillecomfvpicturesdogdenturesshtml
1,is studing math  tomorrow exam and dentist 
0,my dentist was wrong wrong
0,going to the dentist later
0,son has me looking at cars online  i hate car shopping  would rather go to the dentist  anyone with a good car at a good price to sell
1,ncaa baseball super regional  rams club httpbitlyronx
1,just started playing major league baseball k httpraptrcomhllgwar
1,cardinals baseball advance to super regionals face csfullerton friday
1,sony coupon code expires soon httpwwwcoupondorkcomr
1,waiting in line at safeway
0,luke and i got stopped walking out of safeway and asked to empty our pockets and lift our shirts how jacked up is that
1,did not realize there is a gym above safeway
1,xphile i have three words for you safeway dot com
1,safeway is very rock n roll tonight
1,bout to hit safeway i gotta eat
1,jakes going to safeway
1,found a safeway picking up a few staples
1,safeway supermarketing via mobile coupons httpbitlyonhw
0,the safeway bathroom still smells like ass
0,at safeway on elkhorn they move like theyre dead
1,your normal weight and how to get there  normal eating blog httpbitlyzeto
1,is eating and watching movies
1,eating sashimi
1,is eating  home made yema
1,eating cake
1,i love dwight howards vitamin water commercial now i wish he was with nike and not adidas lol
0,found nothing at nike factory  off to banana republic outlet httpmylocmezic
1,iphone may get radio tagging and nike   recentlyreleased itunes version  suggests that voiceover functional httptinyurlcomoqctc
1,is lovin his nike  already and thats only from running on the spot in his bedroom
1,launched httpimgsearchnet  imgsearch ajax jquery webapp
1,matthewcyan i finally got around to using jquery to make my bio collapse yay for slide animations
1,rt jquery the ultimate jquery list  httpjquerylistcom
1,i just extracted and opensourced a jquery plugin from stormweight to highlight text with a regular expression httpbitlyybjkb
1,annadebenham what was the php jquery hack
1,jquery cheat sheet httpwwwjavascripttoolboxcomjquerycheatsheet
1,beginning javascript and css development with jquery javascript css jquery httpbitlytoe
1,pdubyad right lol well get there i have high expectations warren buffet style
1,rt blknprecious rt great dbroos someones sitting in the shade today because someone planted a tree a long time ago warren buffet
1,warren buffet on the economy httppingfmlaup
1,warren buffet became for a time the richest man in the united states not by working but investing in  big idea which lead to the fortune
1,according to the create a school notre dame will have  receivers in ncaa  at  or higher rating  sweet
1,allstar basketball classic tuesday features top talent chattanoogas notre dame high school will play host httpbitlyqltja
1,blondebroad its definitely under warranty amp my experience is the amazon support for kindle is great had to contact them about my kindle
1,rt look available amazon kindle amp kindle dx get it here httpshorttoub the top electronic book reader period free  day ship 
0,time warner road runner customer support here absolutely blows i hate not having other highspeed net options im ready to go nuclear
0,time warner cable phone reps r dumber than nails ugh cable was working  mins ago now its not wtf
0,siratomofbones we tried but time warner wasnt being nice so we recorded today 
0,omg  time warner fed up my internet install  instead of today  its now next saturday  another week wo internet ampehfavfhg fml
0,wthi have never seen a line this loooong at time warner before ugh
0,impatiently awaiting the arrival of the time warner guy its way too pretty to be inside all afternoon
1,man accosts roger federer during french open httpffimhcpt
0,naive bayes using em for text classification really frustrating
1,we went to stanford university today got a tour made me want to go back to college its also decided all of our kids will go there
1,investigation pending on death of stanford cs prof  google mentor rajeev motwani httpbitlylwour tip techmeme
1,im going to bed it was a successful weekend stanford here i come
0,karrisfoxy if youre being harassed by calls about your car warranty changing your number wont fix that they call every number dbags
0,just blocked united blood services using google voice they call more than those car warranty guys
0,atampt is complete fail
0,broskiii oh snap you work at atampt dont you
0,mbjthegreat i really dont want atampt phone servicethey suck when it comes to having a signal
0,i say we just cut out the small talk atampts new slogan fk you give us your money apologies to bob geldof
0,pissed about atampts midcontract upgrade price for the iphone its  more im not going to pay  for something i thought was 
0,safari  is fast  even on my shitty atampt tethering
0,ims what is atampt fucking up
0,springsingfiend dvyers sethdaggett jlshack atampt dropped the ball and isnt supporting crap with the new iphone  fail att sucks
0,mmbarnhill yay glad you got the phone still damn you atampt
1,google wave developer sandbox account request httpbitlynylc
0,talk is cheap bing that ill stick with google httpbitlyxcc
0,defsounds wtf is the point of deleting tweets if they can still be found in summize and searches twitter please fix that thanks and bye
1,mattcutts have google profiles stopped showing up in searches cant see them anymore
1,arunbasillal i love google translator too  d good day mate 
1,reading on my new kindle
1,my kindle came and i love it 
1,loving my new kindle  named her kendra in case u were wondering the cookbook is the tool cuz it tells u all the tricks  best gift evr
0,the real aig scandal  httpbitlybpx
1,any twitter to aprs apps yet
1, pros you should be following on twitter  httpisgdsmbz
1,obama is quite a good comedian check out his dinner speech on cnn  very funny jokes
1, barack obama shows his funny side  gtgt httptrimlgy  great speech
1,i like this guy   barack obama shows his funny side  gtgt httptrimlgy 
1,obamas speech was pretty awesome last night httpbitlyimxum
1,reading  bill clinton fail  obama win httptinyurlcompcyxj
1,obama more popular than us among arabs survey president barack obamas popularity in leading arab countries  httptinyurlcomprlvqu
1,obamas got jokes haha just got to watch a bit of his after dinner speech from last night im in love with mr president 
0,lebron james got in a car accident i guessjust heard it on evening newswow i cant believe itwill he be ok  httptwtadcom
1,is it me or is this the best the playoffs have been in years oh yea lebron and melo in the finals
1,khalid no lebron is the best
1,therealusher lebron is cool  i like his personalityhe has good character
1,watching lebron highlights damn that niggas good
1,lou lebron is murdering shit
1,uscsports lebron is a monsta and he is only  smh the world aint ready
1,cthagod when lebron is done in the nba he will probably be greater than kobe like u said kobe is good but there alot of good players
1,kobe is good bt lebron has my vote
0,kobe is the best in the world not lebron 
1,asherroth world cup  access damn thats a good look
1,just bought my tickets for the  fifa world cup in south africa its going to be a great summer httpbitlygezi
1,share disruptionfred wilsons slides for his talk at google hq  httpbitlybopg
0,i have to go to booz allen hamilton for a hr meeting   but then i get to go home 
1,the great indian tamasha truly will unfold from may  the result day for indian general election
1,crlane i have the kindle ive seen pictures of the dx but havent seen it in person i love my kindle  im on it everyday
1,criticalpath such an awesome idea  the  continual learning program with a kindle  httpbitlyzlff
1,ok do nothing just thinking about d
1,faithbabywear ooooh what model are you getting i have the d and love love love love it
1,the times of india the wonder that is indias election httpbitlypuh
1,httpisgdaruj good video from google on using search options
0,ambcharlesfield lol ah my skin is itchy  damn lawnmowing
0,itchy back dont ya hate it
1,stanford charity fashion show a top draw httpcligsnenuah
1,stanford universitys facebook profile is one of the most popular official university pages  httptinyurlcompbfl
1,lyx is cool
1,sooo dissapointed they sent danny gokey home you still rock danny  my hometown hero  yeah milrockee
1,rt passionmodel american idol fashion adam lambert tones down danny gokey cute  httpcligsjwshv
1,dannygokey i love you danny gokey 
1,rt justindavey rt tweetmeme gm onstar now instantly sends accident location coordinates to   gps obsessed httpbitlyszl
0,so tired i didnt sleep well at all last night
0,boarding plane for san francisco in  hour  hr flight blech
0,bonjour san francisco my back hurts from last night
1,breakers in san francisco ca httplooptusvbwt
1,heading to san francisco
1,with my best girl for a few more hours in san francisco mmmmmfamily is wonderful
0,f up big or go home  aig
1,went to see the star trek movie last night  very satisfying
1,i cant wait going to see star trek tonight
1,star trek was as good as everyone said
1,am loving new malcolm gladwell book  outliers
1,i highly recommend malcolm gladwells the tipping point my next audiobook will probably be one of his as well
0,malcolm gladwell is a genius at tricking people into not realizing hes a fucking idiot
0,sportsguy hey no offense but malcolm gladwell is a pretenious annoying cunt and he brings you down cant read his shit
1,rt clashmore httpbitlysoyv  great article by malcolm gladwell
1,i seriously underestimated malcolm gladwell  i want to meet this dude
0,i hate comcast right now everything is down cable internet amp phoneughh what am i to do
0,comcast sucks
0,the day i never have to deal with comcast again will rank as one of the best days of my life
0,dommm did comcast fail again
1,how do you use the twitter api httpbitlyvbhh
0,curses the twitter api limit
0,now i can see why dave winer screams about lack of twitter api its limitations and access throttles
1,testing twitter api
0,arg twitter api is making me crazy
1,testing twitter api remote update
1,im really loving the new search site wolframalpha makes google seem so  quaint httpwwwwolframalphacom
0,wolfram alpha sucks even for researchers the information provided is less than you can get from google or wikipedia totally useless
1,off to the nike factory
1,new nike muppet commercials are pretty cute why do we live together again
1,new blog post nike zoom lebron soldier  iii  white  black  teal httpbitlyrouus
1,new blog post nike trainer  httpbitlybp
0,fraggle oh those are awesome i so wish they werent owned by nike 
1,tonyhawk httptwitpiccomcuj  awesome seeing the show friday at the shoreline amphitheatre never seen nin before cant wait 
0,arhh its weka bug   and i spent almost two hours to find that out crappy me
1,mitzs hey bud  np i do so love my d although id love a d mkii more
1,jonduenas robynlyn just got us a d for the office d
1,just picked up my new canon dits beautiful  prepare for some seriously awesome photography
1,just got my new toy canon d love love love it
1,learning about lambda calculus 
1,jobs sittercity help with taking care of sick child east palo alto ca httptinyurlcomqwrrm
1,im moving to east palo alto
1, atebits i just finished watching your stanford iphone class session i really appreciate it you rock
1,jktweet hi just saw your stanford talk and really liked your advice just saying hi from singapore yes the videos do get around
1,mba admissions tips stanford gsb deadlines and essay topics  httptinyurlcompetfd
1,ethics and nonprofits  httpbitlyqsxrp  stanford socialentrepreneurship
1,lakers tonight lets go
1,will the lakers kick the nuggets ass tonight
0,oooooooh north korea is in troubleeeee httpbitlyepah
0,wat the heck is north korea doing they just conducted powerful nuclear tests follow the link httpwwwmsnbcmsncomid
0,listening to obama friggin north korea
0,i just realized we three monkeys in the white obamabidenpelosi  sarah palin 
0,foxnews pelosi should stay in china and never come back
0,nancy pelosi gave the worst commencement speech ive ever heard yes im still bitter about this
0,ugh the amount of times these stupid insects have bitten me grr
1,prettiest insects ever  pink katydids httpbitlyupwp
0,just got barraged by a horde of insects hungry for my kitchen light so scary
1,just had mcdonalds for dinner d it was goooood big mac meal 
1,ahh yes lol ima tell my hubby to go get me sum mcdonalds 
1,stopped to have lunch at mcdonalds chicken nuggetssss  yummmmmy
1,could go for a lot of mcdonalds i mean a lot
1,my exam went good helloleonie your prayers worked 
1,only one exam left and i am so happy for it d
0,math review im going to fail the exam
0,colin powell rocked yesterday on cbs cheney needs to shut the hell up and go homepowell is a man of honor and served our country proudly
0,obviously not siding with cheney here httpbitlyjd
1,absolutely hilarious from mashable  httpbitlybccwt
1,mashable i never did thank you for including me in your top  twitter authors you rock amp i new wave d httpbitlyeorfv
1,learning jquery  book review  httpcfbloggersorgc
1,rt shrop awesome jquery reference book for coda httpwwwmacpeepscomcoda webdesign
1,ive been sending emails like crazy today to my contactsdoes anyone have a contact at goodby silversteinid love to speak to them
1,adobe cs commercial by goodby silverstein httpbitlyaikhf
1,goodby silversteins new site httpwwwgoodbysilversteincom i enjoy it
1,wow everyone at the google io conference got free gs with a month of unlimited service
1,vkerkez dood i got a free google android phone at the io conference the g
1,orli the g is amazing btw a huge improvement over the g
1,html  demos lots of great stuff to come yes im excited  httphtmlfiveappspotcom io googleio
1,googleio httptwitpiccomshi  yay happy place place place  i love google
1,googleio  od  bringing d graphics to the browser very nice tbh funfun
1,awesome viral marketing for funny people httpwwwnbccomyoteach
1,watching a programme about the life of hitler its only enhancing my geekiness of history
0,saw night at the museum out of sheer desperation who is funding these movies
1,night at the museum  pretty furkin good
1,watching night at the museum  giggling
1,pambeeslyjenna jenna i went to see night at the museum  today and i was so surprised to see three cast members from the office
1,about to watch night at the museum with ryan and stacy
1,getting ready to go watch night at the museum   dum dum you give me gum gum
0,back from seeing star trek and night at the museum star trek was amazing but night at the museum was eh
1,just watched night at the museum  so stinkin cute
1,so night at the museum  was awesome much better than part  next weekend well see up
1,i think i may have a new favorite restaurant on our way to see night at the museum 
1,up was sold out so im seeing night at the museum  im  years old
1,saw the new night at the museum and i loved it next is to go see up in d
0,it is a shame about gm what if they are forced to make only cars the white house thinks will sell what do you think
0,as u may have noticed not too happy about the gm situation nor aig lehman et al
1,obama nationalization of gm to be shortterm   ap httptinyurlcommdr
0,pittstock gm good riddance  sad though
0,i will never buy a government motors vehicle until just recently i drove gm cars since  when i bought a  httptinyurlcomlulsw
0,having the old cocacola guy on the gm board is stupid has heck tcot ala
0,rantsandraves the worst thing about gm concord  pleasant hill  martinez is the fucking uaw    httpbuzzupcomueb
0,give a man a fish u feed him for the day teach him to fish u feed him for life buy him gm and u fk him over for good
0,the more i hear about this gm thing the more angry i get billions wasted more bullshit all for something like k employees and all the
0,quanttrader i own a gm car and it is junk as far as quality compared to a honda
0,sad daybankrupt gm
0,is upset about the whole gm thing life as i know it is so screwed up
0,whoever is running time warner needs to be repeatedly raped by a rhino so they understand the consequences of putting out shitty cable svcs
1,time warner ceo hints at online fees for magazines      ap  read from mountain viewunited states views  httpbitlyudfch
0,wftb joining a bit late my connection was down boo time warner
0,cox or time warner  cox is cheaper and gets a b on dslreports  tw is more expensive and gets a c
0,i am furious with time warner and their phone promotions
0,just got home from chickfila with the boys damn my internets down  stupid time warner
0,could timewarner cable suck more  no
0,pissed at time warner for causin me to have slow internet problems
0,sportsguy ummm having some time warner problems
0,you guys see this  why does time warner have to suck so much ass  really wish i could get uverse at my apartment httpbitlysj
0,rt sportsguy the upside to time warner unhelpful phone operators   superslow onsite service crap thats not an upside
0,rt sportsguy new time warner slogan time warner where we make you long for the days before cable
0,confirmed its time warners fault not facebooks that fb is taking about  minutes to load so tempted to switch to verizon 
0,sportsguy time warner  epic fail
1,lawson to head newedge hong kong httpbitlyxlqsd business china
1,weird piano guitar house in china httpusmei
1,send us your gmchevy photos httptinyurlcomluzkpq
0,i know how sad is that  rt caseymercier st day of hurricane season thats less scarey than govt taking over gm
0,gm files bankruptcy not a good sign
1,yankees won mets lost its a good day
1,my dentist appt today was actually quite enjoyable
0,i hate the effing dentist
1,stevemoakler i had a dentist appt this morning and had the same conversation
0,kirstiealley i hate going to the dentist 
0,i hate the dentistwho invented them anyways
0,this dentists office is cold 
1,check this video out  david after dentist httpbitlyaw
1,first dentist appointment in years on wednesday possibly
1,tom shanahans latest column on sdsu and its ncaa baseball regional appearance httpowlyaxhu
1,baseballamericacom blog baseball america prospects blog  blog  httpbitlyetta
1,portland city politics may undo baseball park httptinyurlcomlpjquj
1,rt watersisweb ca merceds water bottled by safeway resold at a profit wells are drying up across the county httptinyurlcommbs
1,dropped her broccoli walking home from safeway  so depressed
1,ronjon we dont have safeway
1,just applied at safeway yeeeee
0, safeway place is a nightmare right now bumming
1,at safeway with dad
0,hate safeway select green tea icecream bought two cartons what a waste of money  gtlt
1,safeway with marvin janelle and auntie lhu
1,safeway offering mobile coupons httpbitlyonhw
1,phillies driving in the cadillac with the top down in cali win   httptinyurlcomnzcjqa
1,saved money by opting for grocery store trip and stocking food in hotel room fridge vs eating out every night while out of town
1,lounging around eating taco bell and watching ncis before work tonight need help staying awake
1,eating breakfast and then school
1,still hungry after eating
1, tips for healthy eating  resultsby fitness blog  fitness  httpbitlygfn
1,with the boyfriend eating a quesadilla
1,eating dinner meat chips and risotto
1,got a new pair of nike shoes pics up later
1,nike sb blazer high acg custom  brad douglas  httptimesurlata
1,nike rocks im super grateful for what ive done with them  amp the european division of nike is beyond whitstyles muchasmuertes
1,nike air yeezy khakipink colorway release  httpsharesbjfn
1,evelynbyrne have you tried nike   v addictive
1,erickoston that looks an awful lot like one of nikes private jetsim just sayin
1,the nike training club beta iphone app looks very interesting
0,argghhhh why wont  my jquery appear in safari bad safari 
1,devsnippets  jquery tools  javascript ui components for the web httpinblogsorggohfuqt
1,all about ajaxjquery css javascript and more many examples httpajaxiancom
1,im ready to drop the pretenses i am forever in love with jquery and i want to marry it sorry ladies this nerd is jqueryspokenforjs
1,this is cold i was looking at googles chartvisualization api and found this jquery wrapper for the api  httptinyurlcommqbq
1,i spent most of my day reading a jquery book now to start drinking some delirium tremens
1,jquery selectors httpcodylindleycomjqueryselectors
1,how to implement a news ticker with jquery and ten lines of code httpbitlycznfj
1,whats buffet doing warren buffett kicks butt in battle of the boots posted byalex crippe httpbitlyauizo
1,super investors a great weekend read here from warren buffet oldie but a goodie httptinyurlcomoqxgga
1,im truly braindead  i couldnt come up with warren buffets name to save my soul
1,reading michael palin book the python yearsgreat book i also recommend warren buffet amp nelson mandelas bio
1,i mean im down with notre dame if i have to  its a good school id be closer to dan id enjoy it
0,i cant watch tv without a tivo  and after all these years the timewarner dvr  still sucks httpwwwdavehittcommarchtwdvrhtml
1,id say some sports writers are idiots for saying roger federer is one of the best ever in tennis  roger federer is the best ever in tennis
0,i still love my kindle but reading the new york times on it does not feel natural i miss the bloomingdale ads
1,i love my kindle no more stacks of books to trip over on the way to the loo
0,although todays keynote rocked for every great announcement atampt shit on us just a little bit more
0,sheridanmarfil  its not so much my obsession with cell phones but the iphone  im a slave to atampt forever because of it 
1,freitasm oh i see i thought atampt were mhz wcdma
1,plip where did you read about tethering support phil  just atampt or will o be joining in
0,fuzzball is more fun than atampt p httpfuzzballcomtwitter
0,today is a good day to dislike atampt vote out of office indeed danielpunkass
1,got my wave sandbox invite extra excited too bad i have class now but ill play with it soon enough io wave
0,looks like summize has gone down too many tweets from wwdc perhaps
1,i hope the girl at work  buys my kindle
1,missed this insightfilled may column one smart guy looking closely at why hes impressed with kindle httpbitlyipey wroush
1,sklososky thanks so much from one of your very happy kindle winners   i was so surprised fabulous thank you best kathleen
0,man i kinda dislike apple right now case in point the iphone gs wish there was a video recorder app please httpbitlydzmt
1,cwong i have a kindle amp sony prs like it physical device feels good font is nice pg turns are snappy enuf ui a little klunky
1,the kindle seems the best ereader but will it work in the uk and where can i get one
1,i have a google addiction thank you for pointing that out annamartin hahaha
1,rubygem my primary debit card is visa electron
1,off to the bank to get my new visa platinum card
0,dearest google you rich bastards the visa card you sent me doesnt work why screw a little guy like me
1,has a date with bobby flay and gut fieri from food network
1,excited about seeing bobby flay and guy fieri tomorrow at the great american food amp music fest
1,gonna go see bobby flay moro at shoreline eat and drink gonna be good
1,cant wait for the great american food and music festival at shoreline tomorrow  mmmkatz pastrami and bobby flay yes please
1,my dad was in ny for a day we ate at mesa grill last night and met bobby flay so much fun except i completely lost my voice today
0,fighting with latex again
0,iheartseverus we love you too and dont want you to die  latex  the devil
0, hours  hours of inkscape crashing normally solid as a rock  hours of latex complaining at the slightest thing i cant take any more
1,how to track iran with social media httpbitlyboqu
0,shits hitting the fan in irancraziness indeed iranelection
0,monday already iran may implode kitchen is a disaster annagoss seems happy sebulous had a nice weekend and goldpanda is great whoop
1,twitter stock buzz aapl esf spy spx palm  updated  pm
1,getting ready to test out some burger receipes this weekend bobby flay has some great receipes to try thanks bobby
1,johncmayer is bobby flay joining you
1,i lam so in love with bobby flay he is my favorite rt terrysimpson bflay you need a place in phoenix we have great peppers here
0,i just created my first latex file from scratch that didnt work out very well see amandabittner  its a great time waster
1,using linux and loving it  so much nicer than windows looking forward to using the wysiwyg latex editor
1,after using latex a lot any other typeset mathematics just looks hideous
1,ask programming latex or indesign submitted by calcio link  comment httptinyurlcommyfmf
0,on that note i hate word i hate pages i hate latex there i said it i hate latex all you texnrds can come kill me now
1,ahhh back in a real text editing environment i lt latex
0,trouble in iran i see hmm iran iran so far away flockofseagullsweregeopoliticallycorrect
0,reading the tweets coming out of iran the whole thing is terrifying and incredibly sad
1,bars on monday  awesome  
1,httptwitpiccomyky  cute shirt from threadless 
1,good morning mariaandros i like that song too im praying now 
1,nicolerichie opps i meant quotsummer vacationquot i had the cassette tape 
1,maymaym my kfanyc is not up because i do not have server space  will fix that in may  everything can happen in may 
1,packing another order for a new retailer 
1,snufsnuf im living in penang its far from singapore plus im just getting started on im so maybe a little while before i can go travel 
1,tmere good to see your info on ed 
1,jayjayklees well i think you should go search for the pot of gold 
1,going to bed after this show goes off  lifes pretty grand
1,anybody in atlanta hiring if you are looking for it pro in networking please let me know 
1,bejithebear hey thereso cool to hear about the focus groupi am signed up for wed hope ours is as fun as your was 
1,trying to figure out this twitter thing 
1,ingridmusic infatuated with twitter like me too bad i dont have many followers you should listen to a recording ive done 
1,tweetdeck supports  
1,ramoso hihi i love it drinking red bull in the morning  
1,inducted the new flofficers tonight 
1,acmaster haha yes it would be cool but im pretty sure my cookies dont know anything about political bias in cable news 
1,hey guys everyone add mattwayneceleb please and thank you 
1,looooooong day ahead another sunny day 
1,cheekipoo dont let that stop you coming along 
1,gooooooooood morning twitterville i wonder what today will bring and which song ill have stuck in my head most of the day 
1,adamcsmith re your french word sorry but it looks like youre going to have to try harderits down   
1,i like saving money 
1,franceskim thanks i had a lot of funvegas is always a good time for me 
1,is quite pleased that the weather forecast for cyprus looks so good  not like turkey last year mmmmm sunshine 
1,big thanks to brenton for my workouts hes kicking my butt into shape hello bikini body 
1,ava has just taken me for a short walk to the shop to buy cigarettes  httpappsfacebookcomdogbookprofileview
1,laying in bed i have high hopes its going to be good  god is good  
1,wohoooo wilco is coming to pukkelpop do you think i can invite them for a good coffee at my house  
1,just typed up massive trench warfare plans for the defense of the papal states in  lt forumbased geopolitical wargames 
1,airplanemancf you are so right  thanks for that always nice to have some positive people around
1,nicolevilareal heyy yess  whats up dude
1,shemah anefallarme awesome ill try to chop 
1,feeling a bit better this morning  j let us lie in until  which was nice but means i am now rushing to get into work 
1,scrivener afterwards spoke with my mom  she argued in your defense ahupuaa and all 
1,swirlyarts thanks for featuring me on cuteable yesterday 
1,excited about mi promisin future i need a spiritual cleanse im prayin then its off to bed  night twittheads
1,sooo freaking tired glad its almost the break soo i can sleep in cant wait to head to weyburn after easter 
1,knitluck i have crocheted washcloths in my store  afghanartistry 
1,i suddenly have the urge to watch karate kid and catch flies with chopsticks must be time to eat oriental 
1,mmmmm wings  httptwitpiccomyo
1,moonfrye i find your tweets are extraordinarily and consistently positive given my own last tweet i could take a page from your book 
1,kyleandjackieo god send me some of your clothing that you dont want hangbags too please anything ill cherish it 
1,clamson nooooooooo as cool as iron man is women are way better on the other hand iron man doesnt nag or talk back   
1,thisismyiq q g t bed  wat r u doinggggg
1,sleeeep time ill check back in tomorrow  raining tomorrow wtheck
1,tommcfly hello you should have the cereal with loads of sugar 
1,picked up my new car this morning 
1,innocentnite thats ok it was funny lol 
1,is coloring 
1,miltykiss sadness but they are credited in the movie 
1,aswinanand well we are on the verge of ruining this planet completely time we started working on another dontya think 
1,richschefren though well hes like a big brother   always friendly and supportive
1,amy well well welllook who it is  welcome to this crazy twitter worldhahahha
1,strawberry cheesecake ice cream and captain jack sparrow  yeah its a good life 
1,just working again we gonna digitalhero some ship today 
1,starting a busy day at work happy that geoffjones rang me from airport 
1,ok so dunkroos could not be found but i found something called dunk ems and the flavor is quotawesomely oreoquot i shall now try it 
1,listening to honor society 
1,stinson was the st time i used the lightbox so a bit rough but wanted to do it before she got too big 
1,phatelara awesome debbs 
1,waiting for the clock to turn  so i can go home 
1,vielleicht lol well one thing we can do is you can show me how to get to the rocky horror place 
1,what a session headin to my ladys house for some home cookin 
1,wpwebhost have you prepared the  x px banner 
1,cant stop laughing 
1,sexpensive not really going  wish i was though wasnt this hot
1, orkuts team cleaned the phishing link in few hours and responded to me with a thank you note 
1,damohopo thankyou  bet your eye looks lovely consider an eye patch if only to spare others pain on looking at your gooey eye 
1,lsndr good luck girl 
1,lizlin sad to say i just take multivitamins i guess im getting old  oh yeah if i hold the quotpquot will i get more vitamins lmao
1,gordonchiu youre one letter alway    koreans dont use quotxquot so theres no hope for me 
1,qtbrowneyes  my avatar lol yup new ff new avatar everyone started changing theirs now too 
1,bikeindia lol i think he shud get a pic of his taken with the bunnies himself now  the damn lcr site is alrdy nsfw at work though
1,finished reading st book of the hollows series by kim harrison dead witch walking loved it  started book  already  
1,coffee and in less than h back on the plane 
1,in our new feature were launching tomorrow i am going to launch a new list quotpeople i really trustquot  good night
1,idonthavefleas 
1,im sooooooooooo over him its funny 
1,hi ladyexec found you through mrtweet loved the positivity in your mini bio and thought it would be good to connect 
1,ryanhopesudie i agree entirely wont have to wait too much longer 
1,mariannemarlow hehe watch out for it tho  have a great morning at your end
1,jaredleto gonna go for a jog with my dog it looks beautiful outside gotta love spring 
1,maddysen lol omg check my profile in  mins 
1,httprapidsharecomfilessummercdziphtml a mix i made if you want to listen to some newish indie poprock stuff 
1,tyresereal thanks man 
1,sathyabhat ahan  let me eat his head then danke
1,larryczerwonka cool changing avatar u got there nice quotes too 
1,dougiemcfly good morning dougie 
1,back in montreal missing the sun the ocean the desert and my oh my the good looking boysbut hey at least ive got awesome friends 
1,i will be enjoying my long vacation starting tomorrow  ill also be doing some reflection in the spirit of the lenten season 
1,time for nite nite i guess 
1,xjane well since im on the subject maybe ill complain about it some more 
1,eww maths one day till holidays 
1,epidaetia whats bad abt it good thing indeed  congratswhen is the summit
1,happy birthday sybil wow  coffee at nearly  in the morning in for another long night or morning 
1,quotthrough all the hard times in my life those nights kept me alivequot 
1,mileycyrus if its less than an hour of sleep its napping but more than an hour is sleeping 
1,michaelkwan its not about working hard its about work smart 
1,is at  followers 
1,interpretorsounds cool  but i am soo sleepy xd
1,today its biz side vs dev side yunoo  tennis bowling amp beers let the games begin
1,glenzgolfvi lol really i always thought i  too much  have a good night
1, work  pears in liquid state bought for weekend they say fruits are healthy 
1,did you know what is happening  httpwwwyoutubecomwatchviuehasxbem isa un kodoliga futuralogija 
1,tonjac good night 
1,jaredleto yeahhere is  vegan  ps jared you are one of the greatest artist of all time 
1,mie no thanks i dont like jail 
1,home  yay bought so many nice things in the city today 
1,flik youll have to sweet talk her  make sure she knows you are a hard worker
1,youngaq nah i dont even lol haha thankssss for the page love 
1,listening to songs  
1,ruthylany awesome i love that show no i didnt see it but i did record it so ill probably watch it in a little bit  ryans cute
1,as another long day begins james is glad its sunny stay away nasty rain 
1,johannacherry come stay at mine on friday 
1,midlifecrunch strange your page is just like our company 
1,kn encantado  been looking for stuff like that for the past few days
1,soulforce at least hes in good hands 
1,demib hopefully they are just followers rather than stalkers 
1,blueflameit i wish they are all ex red arrows and i have had the privilege of flying with them  httpthebladesbiz
1,slidesharedan flickr for photos youtube for videos megaupload for large files own sites for articles thats it 
1,blegoopr it was a quote  a mere quote 
1,suburbanhipster haha michelle  u work too hard haha
1,last call soon slow night 
1,msnichole i love purses u shud send me some 
1,hey guys everyone add mattwayneceleb please and thank you 
1,goodnight twitterland belle and i are going for walks and adventures tomorrow 
1,httptwittercomsamiyusuf  very nice a session i recommend to everyone immediate access to news  ws esma
1,naivelondongirl why howdy maam im fine n dandy and if ur naive im a dutch mans uncle 
1,djlogansama ugh that first now should be a know its your fault for making me stay up late on a monday 
1,pjharry you got it 
1,listening to lokki talk ok hes a cat so its all meows i dont understand but man the sounds he can make as he wanders the apartment  
1,kristenjstewart it happened because everyone freakin loves the shit out of you get used to it  hope you have a good week
1,blegoopr it was a mere quote thats all 
1,still thinks twitter is a hipster circle jerk 
1,bricksht ugh i hate you we got snow in the middle of aprildont you just miss canada   ends sarcasm
1,im off to work i will returns the hellos when i get home  
1,can you tell its spring break here boys are off school so i dont have to be up at first light and can actually stay up late 
1,i really love reflections and shadows 
1,no hunny there are no vampires  just bloodsucking salespeople that steal daddys money  day  as a lycan
1,willieday why are you still up 
1,dancemasstv thank you 
1,noiseboyartist i love writing letters of complaint  i just always forget to mail em im an agentofchange in my head lol 
1,exciting suppose to be  degrees out tomorrow yeah  
1,watching spongebob till i fall asleep 
1,icywings just downloading it now icywill let you know what i think when i watch it 
1,only ï¿½ thats brill i can see my pic now did i disappear for a while strange 
1,finally got approved for the apartment mandy and i really deserve it 
1,jorskwen omg i sooo cannot wait once its properly ready will take pix and upload k 
1,watching comedian nick griffinquotlife is difficult thats why i love sleepingits like temporary suicidebut you wake up refreshedquot  
1,i have eight days off in new york before dance booking my flight now 
1,grimtorn you can start making a religion of your own to make yourself fall asleep them 
1,tommcfly haha morning then i think aussie here wheat bix with honey or maple syrup and milk 
1,tomorrow should be a great day im actually going on a date wowthis should be interesting 
1,alexandramusic congratulations on winning an award  x
1,darthweef thx you guys would definately had fun but i do know you were already having awesome times in sf part of revs scam school 
1,is now at fildias  httpplurkcompnes
1,and also im leaving  see you on the train all 
1,jaybrannan it doesnt  just take it and run with it 
1,jerichok haha its pm here good afternoon 
1,gettin down to some hollywood undead mmmmhmmm 
1,dougiemcfly good morning dougie and tom how are you today 
1,i had an amazing day todaywith jessica and everyone else modeling  oh i havent felt so happy in a while lt
1,kenichan close but no cigar  bananatoffee 
1,rilespuppy amp puppyjamaica morning pups thanks for the follow look fwd to barking at you soon  this twitter is going to the dogs
1,devo i know i just hadnt had one in such a long time the goodness surprised me 
1,blueaero ooo its fantasy  i like fantasy novels   will check it out
1,is home from justins farewell dinner dont die 
1,daking never mind  i hope gf ii is worth buying it 
1,woohoo just beat simxs ass at typeraceronce 
1,fakecedric hey ced this is kingdomguard 
1,middleclassgirl well that was succinct 
1,scarlettdane btw i saw youre coming to volterra  my house is open if you need a place to stay
1,benhafner i would have to agree that jocam is quite an amazing girland in a few weeks ill be having dinner with an amazing couple 
1,sleeping under the stars 
1,tayswift im glad to hear im not the only one awake at  in the morning 
1,rokchic no probs i sell nothing other than my blog httpsnedwancom  ill have to get a listen to your band on itunes
1,oh  and triple h won at wrestlemanianot that im counting but  of my predictions were accurate 
1,itsangie maybe we can to when i move down 
1, apples  nectarines  flat strawberries  bag of grapes cup of chopped walnuts sliced diced and mixed  yummy perfection 
1,myfwarhurst quothead onquot by pixies because the video is awesome and underplayed 
1,yoyoma lol  isnt it past your bedtime it is for me see you tomorrow  
1,two tests down  three tests and a twenty first birthday to go  
1,rapey have a good tuesday 
1,weeeeeeh its almost tomorrow today 
1,dougiemcfly tommcfly good morning tom and dougie how are you today 
1,hematocrit are you serious 
1,souljaboytellem good nite babe  
1,vdichev dont read past tweets  hey its not email
1,pingfm we love you too 
1,monhae quite tearful today but i laughed a lot also to put it simply 
1,men without hats  safety dance is dah best song ever created of all time starts to dance    lt    
1,today was good  going to shower now then watch family guy
1,until we get to  unemployment it just time to do parttime and school 
1,yay i actually slept this morning 
1,mathewanthony mathew it is pretty crazy huhh  text me in the am
1,shipovalov quotnokla connecting peoplequot     
1,didigiggles lol you like that did you dont worry i got more 
1,jonathanrknight thanks for the sermon lol i was asleep when you wrote it but it was nice to wake up to the simple lifeif only  x
1,wants to go out dragonball evolution premiere tonight 
1,i am freakin grateful that i dont work at fontana fitness anymore 
1,tomorrow is a big big day first day at the new job  uhh so nervous
1,marcfennell now thats fun enjoy the premier 
1,mynews no such thing as too many public holidays  im looking forward to lots of chocolate too
1,shalinique booo ur just being urselfn we love it 
1,anjulinz haha there is a bit of that makes getting up early easier too 
1,another bright sunny day  island must have driftered south over the last few days  oh well time to eat then off to work
1,champions league back on tonight 
1,rmolden lol yes  but i truly cant believe what i forgot omg oh  perhaps i am doing to much amp that lol w lovex  hehe help
1,kalpenn maaan im going to miss kutner he was my favorite on the show keep being awesome kal 
1,michellecottis  god how many tweets do you make a day i have  calls left for today 
1,i love you best 
1,louisgagliardi hahaha shiiit dont i feel like a douche bag  hehe thx for the tips anyway  much appreciatedim glad to be different
1,just bought the best scarf ever 
1,cant access his bank account  this is going to be fuuuuuuuun 
1,here are your three videos use them to meditate  httptinyurlcomebbod httptinyurlcomebbod httptinyurlcomebbod
1,for those who are puzzled by umtweeti wam 
1,apreezyl haay can you tell me the attendance question for personal computer tomorrow thanks  lt
1,had an amaaazing day  running sushi shower beach uno on the beach fun 
1,in weekend am mers pana la padurea din spatele curtii si uitati ce am gasit  httptotromancutadeviantartcomartnewborn
1,sarcasm hits me every time as well 
1,mcawilliams i saw them live a few years ago surprised at how calm they looked on stage 
1,heiko yes she is  httptwittercomsevinnyne
1,ok its officially my birthday  crack a beer if you got one thats what im doing 
1,mattyza thanks wp ecommerce is very buggy think ill do the custom thing now to find the time 
1,im excited for rescue me to start tomorrow or is it today 
1,didiers return a big boost for us at chelsea ahead of the uefa cleague hope the champ plays scores and wins it us fingers crossed 
1,tonebeep sooo crazy that its ur middle of the day and im bout to go to sleephaha hope all is well buy any new kickslol  hollleer
1,michellepearl httptwitpiccomyvg  love it love your new logo as well 
1,sf bay area rides i want a ride please  sc gt la santa cruz anyone perhaps going to l httptinyurlcomcactjn
1,going out soon got mileys cd 
1,lol  no one commenting on my posts  i feel soooo loved
1,morning  how nice to see everyone is awake and chirp  it helps 
1,lizmyers first impressions are good actually like the design a happysummer feeling 
1,apart from itunes can anyone recommend a good and reasonable download site and i should say quotlegitimatequot 
1,kumar sanu calls current film songs shouting well at least singers dont shout from their noses these days  httptrimimzw
1,scrivener i didnt say it was correct just what i thought 
1,lol partywater this will mostly depend on how you dance  if you dance like noone is watching then maybe a bit more  
1,i found my madden   in   oh well i say old is new again
1,needlestack uh oh now im getting kind of scared 
1,tammila not for workjust for personal fulfillment  ill callmsg you tomorrow maybe we can work something out
1,jhonenv what a precious photo makes me want to pinch your cheeks 
1,bed time 
1,is watching prince turns to frog  httpplurkcompnbs
1,planning to learn basic sign language these holidays  geez i have a whole list o
1,robsmaid thanks 
1,lagiggles have a beautiful y safe trip lots of hugs y hearts 
1,pplist yep  doing my best viking impersonation  even without the helmet 
1,saudarilee hey hey where did you get the man u rompers are there any other club rompers available thanks  zee
1,lookin mellyford bet right now shes like kryptonite  she stops  me dead on my feet love my melly 
0,sitting in the metro and going to work 
0,lmayberry soooo jealous you saw dave 
0,missing my beautiful bumble bee 
0,httptwitpiccommbag  found this knit racerback sleeveless in ottawa and loved it  of the  things i got to purchase  no time f 
0,callmedev im not on your background but lunatriste is i thought i was special  but then again you do make me special pics p
0,up againi really need  go  da doctors about dis insomniai cant remember da last time i had a good night sleepughhhhh 
0,is kinda wishing that youd talk to her 
0,ahh ill die from this stomach ache   
0,frankihkay i know i am  but i got to get trashed in brooklyn and that makes it worth it right right also see you soon zomogz
0,waiting  my final   
0,ugh with the rain 
0,is still sickly better be better by mrw  semi cuz if im not better im gonna be pissed off cuz then i cant wear my dress 
0,i wanna go to the beach 
0,capplegate i am so sad that samatha who was cancelled it was one of my favorite shows   i still cant understand why and i am so bummed
0,sore throat  no chapstick   fairmont tea d yay for that one
0,boohoo  have to wait until  pm to download iphone  firmware
0,overslept    at work now though
0,pinky finger on my right hand has gone numb  apparently caused by using a computer mouse too much 
0,sorry for the strip nav bar being broken nobody told me so i could fix them   i put in a temporary fix until i have a bit of time later
0,ah boo weve lost another tramp  just got the news that shes leaving the league one of my fav girls too damn
0,skip the bbq im upgrading my iphone to os  then jailbreaking it i need my customizations sorry apple 
0,is frustrated about the daily rain showers 
0,donniewahlberg i need a hug   u havnt given me any hugs in the mgs ive been to 
0,had a wicked time in birmingham last night thanks to hayley who got my photo signed by steve gutted it was our last show 
0,my lip still hurts  still got portugal to look forward to in  days
0,missjodie morningwhere you been 
0,i hate rain 
0,jenscloset it sure isnt but it happens more and more as i get older 
0,gcsriotgurl not much at my stupid grandmoms house in oxford 
0,am up probably gonna hop in the shower my stomach hurts  seriously thinkin i have the flu
0,morning ughh i had the worst nightmares lastnight 
0,beautifulwreck doctor told me that i need to be cut off from waist down i will only be half the man i used to be 
0,i want to go home earlier and try playing street fighter  
0,if one more person tells me theyre going to miss me i may very well cry  probably will cry friday anyways cause im a sook like that
0,i finally back in a quotlotus notes upquot situation  guess i have to go back to work now 
0,and james van alstyne won a bracelet nice job oh well today is nhl at the wsop and palms can only make half day of tda summit 
0,why do people step away and get afraid when love is always standing right in front of their face   jm
0,i just had the scariest dream ever  
0,wakeupmaggie sorry i missed your blog tv last night  i went to bed early because i have to get up early for work
0,breakxaway das bremst mich so unglaublich 
0,alisondownunder my apartment will be soo empty tonight  only me and dukece 
0,taking a walk one hour from home and the sky just opens 
0,jamash  i have two harddisk crashes due to that in  already 
0,missing his meg on our first month together 
0,shammysticks  baby im sorry i miss you so much
0,s i have to get a vaccination today noo it hurts so bad please i dont want to go 
0,nocturnalia i so wish it was thursday 
0,is gutted to be missing drinktank tonight  but it is my brothers birthday afterall sigh
0,think channel  r bein stupid making us wait for no fukn reason again looked like a repeat 
0,everything is soaked 
0,its official sackboy cuddly toys are better than pups nieces dog now living with my other brother as roddy sackboy is more fun 
0,tmrw will be the last day to teach my little kiddos they were such a greatfun and adorable students of mine sad to say goodbye 
0,i miss you 
0,jury duty today downtown and there is free wifi yay but theres no signal in the basement  boo
0,i wanna go homeoh my geei just relized the only attention i ever got was from mat i miss him 
0,is tireddd  still have to finish up bm homework and watch four parts of tgh â¥
0,this is not a good morningsum may need  come take care of mefeelin so miserable right now 
0,capplegate me and my daughter loved the show  im sorry 
0,doesnt like when there isnt anyone at the office to entertain me 
0,pusing nih  cheat restaurant city ga jalan  kenapa mesti pake flash  
0,well morning im hardly having a good morning i am now single and i must say it does suck im not used to this    tear
0,logic nah have exams till th 
0,nareejo hey yes at the breakfast thing  i really do miss alex and i appreciate johnnnny johnny is mad cool
0,maeread just saw your tweet from monday  im happy monday was looking a bit up btw uncanny i need to organize  emails
0,jacekdudzic  but you have paczki and mazurki which more than makes up for your lack of venti cafe mochas 
0,karawr that sucks that your relationship ended on such a bad note  thinking of you
0,getfollowed typical way of getting money on the net tell ppl its free but a lot better if they pay for it 
0,waiting for the builder to finish so he can go back to bed 
0,my engine light just turned on what last thing i need seriously 
0,what a beautiful day gotta go to the grocery havent been in over a month now  my fridge feels neglected
0,its raining outside  and i gotta go shopping cos going out tomorrow night clubbing my first time  but i dont have anything to wear
0,bartelme you have the same bug as me 
0,megdia you havent updated in a while this makes me sad   im stoked to see you in dallas at warped tour though squarespace trackle
0,jobadge no java script on this bobbins notebook 
0,luke isnt here like he said hed be 
0,my bus driver is a maniac its like a bloody white knuckle ride on here 
0,loobylou omg no you poor thing  twug from me 
0,brain misfiring due to people dissing astral weeks which i know is a tediously canonical album but remains my alltime fave 
0,trying not to lose more of my voice 
0,pookahkol you mean youd forgotten 
0,has just tipped loadsa hot tea all down me 
0,looking up info about european union and turkey man do i hate history projects 
0,just woke up im definitely not ready to leave nyc 
0,my kingston has cat flu 
0,last  exams tomorrow  both chemistry and right after each other 
0,pausette i miss plane letters too  i remember we used to write them for each other and letters you sent us in london 
0,just got out of the shower running late no iphone  
0,schoolrun time oh the joys especially in the rain 
0,openoffice fails to open the biggest scariest excel spreadsheet ive ever seen oh well rebooting into windows 
0,billythekid the town wasnt too busy but the carpark was heaving  and full of numpties gt
0,must play catch up at work since i took yesterday off no fun 
0,is really sleepy and has a headache 
0,first time being late for work   only by like  mins tho watched s darko last nightwtf guess i should watch donnie darko first
0, i am doing work 
0,aw thanks em but people are tweeting but nothing is coming to my phone 
0,getfollowed typical way of getting money of people on the net tell ppl its free but a lot better if they pay for it 
0,wait what arthur get off my keyboard 
0,emboosh nope london      are you going to jb on th november
0,just bought a subway and sitting by myself because everyone else is in exams 
0,watching the d i so miss shoeshopping i hate my life  decided not to follow a certain famous girl her tweets are retarded
0,zsbcreations annoying they should turn off that option i was searching for nice things  grrrrrr
0,says quotgreatquot now we cant eat farmed fish else we will get mad fish disease  httpwwwtgdailycomcontentview
0,the stupidity of some people is ridiculous sad to say a lot of them are my cuzins lol 
0,gonna get ready for work 
0,sheaquinn what is that orange top i dont remember this pic  reminds me to update mine too
0,im too far from monaco 
0,musewire is there anywhere to get definate u support dates flying over to nyc for the gig on th and dont want to miss out by one day 
0,my internet connection is so slow 
0,i just woke up going to work  today yay 
0,royalascot  lost the first race not starting well 
0,mhgoblue  that sounds terrible have you seen a doctor about sleep issues i cant imagine the mix of insomnia  tired when you do sleep
0,i wanna watch notorious again 
0,daniel yes  i had  in my lip and  in my eyebrow now just  in my lip 
0,been up for an hour due to loving annoying cats that wanted to snuggle with us cant go back to sleep  i feel like im on japan time
0,accidently slept through the waltzing workshop     but making the best of the rest of my day off amp i am officially a dragonfly woo hoo
0,bahh my ipod refuses to  be jailbroken again     squarespace
0,why do i drink coffee when i know im allergic to caffiene not feelin so  hot 
0,ohayitsamanda awww im sure you will have oddles of fun im sad we didnt do our movie night last night  we must as soon as i get home
0, its already h o t im ready for fall
0,shinyshani still looking 
0,gillianbritt i went to the first one i would have gone this year too if it wasnt on a thursday 
0,doing a lot of school work listening to spice girls lt loved them since i was really young too bad they didnt have a concert here 
0,the first available date was tomorrow but mom said no 
0,online registration for taking the driving safety course is up and running again   ive got to bite the bullet and plunge in
0,johnwhitehouse sweet you already have more friends than i do 
0,bschmidt and whhhen is this exactly i have to go to work all day  i want it now
0, and a half more hours before i can go home and relax im starving i ment to bring a salad but forgot 
0,esthertay you can have mine same deal here i think same deal everywhere 
0,i love donuts but i think i have to avoid them now im gaining too much weight 
0,tidycat i burned my finger when i tried to take my oatmeal out from the microwave boooo 
0,atk we need tickets diplo did not respond to my tweet 
0,i shouldnt be twittering i should be on eclass 
0,still in a bloody meetingcant believe this 
0,nearly home time one more job on lisburn road and off to bed since been on the go since  this morning 
0,rebeccam morning rebecca  yes just happened to me update failed  
0,had a head ache all day 
0,i dont wanna work today at least its only    
0,cityloy getting older sux doesnt it 
0,just landed in flint mi the weather here is horrible  i miss la already
0,stopped by office depot going to work in a bit 
0,lukemorrison yep it sure is  
0,going to lepeep for breakfast  i feel like a crepe did i spell it right then to the cubs game wish my bf could go but he has to work 
0,trying to book the nct for the car is a nightmare grrrrrrrrrrr 
0,homework shits 
0,incredibly upset  eddies attic just announced a jay clifford concert this weekend im gonna be out of town  
0,lovelyone lol yup youre gonna miss it 
0,trying to get a nice architectural shot in dubai  but its  dusty over here
0,badly wants to watch next to normal 
0,thizgurl send me a myspace friend request ill dm my last name cant believe the treasure hunt is over b it started 
0,idk what  do 
0,stuffnews cant believe i missed free albums   oh well at least i took advantage of tescos free music glitch
0,korareefi i hope it heals up soon 
0,rcwpong work 
0,waiting for my husband who is sitll on a meeting at the office 
0,local michaels shop didnt have comic book inking paper 
0,cleaning the aptlast day here 
0,wtf stupid earphones i cant hear my music nowim sad 
0,xenokarissa johnny that guy is unbelievable suuuper nice and sweet bagay kay d ill miss alex too 
0,just got back from the shops my feet hurt 
0,i have cold wet feet   will be home in about  min cant wait to get a big massive brew and put some socks on
0,paul is unsatisfied with his microwave dinner 
0,its raining 
0,just need some time to myself im just not happyim sad all the time need someone tp talk to 
0,finger is hurtin  x
0,shaundiviney your not gonna call the western australian people at  are you cause were two hours behind so we will still be in school 
0,really should revise 
0,kicksandchicks aaaww tht suck  not fair temper tantrum
0,someone took the canes magnets off my car  i am tempted to paint logos on now fb
0,gah i cant sleep its  in the morning i think the vogs been getting to me hawaii has not been quotparadisequot lately 
0,sakararossof man im definitely pissed i need  stay off the phone and study more just got my test back amp im not pleased 
0,i have to face up to the facts i need glasses  
0,maddygutierrez i know   im still getting used to it but we haaaave to keep in touch throughout the school year okay
0,cant wait till i get to sleep in till noon or later i havent slept in for such a long time and i  am missing it so tired  it sucks
0,woke up not feeling to great today  hope i dont have anything just in case killing all pigs in sight
0,im so tired 
0,is starting to not feel good again 
0,mourning my digital camera and angry at the rowdy guy who knocked it out of my hand 
0,evilsurfer awww  shortty gonna miss ya
0,ckelley yes  lmao i liked it when i put it in the pool as well
0,morbay i know which one i prefer i thought the same thing and got excited over nothing 
0,has pins and needles in her tootsies 
0,it has rained here ballater aberdeenshire for about  days now not so nice 
0,dropping brooke off at stablethen headed to workout amp class afteri have way way too much schoolwork to do 
0,like not good enough leyszsx 
0,snake and strange stalker easy went into the new kurns tower owned it crappy loot 
0,so tired    and feeling like a cold is coming on dammit
0,only gamereplays can cut me down to  hrs of sleep 
0,i want some new songs 
0,i want you so bad 
0,damnit  oklcok already grrr gotta get ready 
0,im sick  i have a sore throat blocked nose and a throat full of phlegm yum
0,is soooo worried about the state of iran 
0,big tingz nite  hosting a gig for bbc worldwide at tv centre with swamimusic amp baaba maal  sore throat though  croak croak
0,andreaexmarie haha yup  i would die without lip injections ive got baby lips natrually  its  every  months do it
0,oh  and im also doing some research for creative supplies  if only i had more money to spend  
0,off to pick up my camera equipment instead of cuddling wit mia 
0,rentedmule no clue   might be from my arthritis or i might have been born with it will know when i see the specialist
0,daisywhitney cool i will thanks unfiortunately i have no topic ideas for you 
0,ipod is being gay will not download the games 
0,amyfergface amy i miss you i wish you still lived in stoke 
0,poor lindsay accused of thievery what her britan twin sister would think of her 
0, no the script  this sucks so bad
0,everyone in my family is sick i think weising and me passed the flu to everyone     alden vomitted too omgomg
0,doing a lot of school work listening to spice girls lt loved them since i was really young too bad they didnt have a concert here 
0,mariahtyson nothing quite like hitting the beltway at pm while its storming 
0,why does my wpf application keeps crashing on my fresh installed windows xp virtual pc 
0,prefer to hear drake singing than rappingi have a feeling his cd wont be as hot as his mixtapes 
0,tummy ache 
0,quotthis version of the iphone software  is the current versionquot boo getting iphone  os was to be my highlight of the day 
0,looks like my hr strap on my garmin  is not working quit on mi  of marathonput in new battstill not working 
0,just had lunch with debbie  got  get the kids from school soon 
0,vjopav kns i thought v is on my side 
0,sad day   going to pay respects to family of former middletown burgess amp state delegate louise snodgrass a great lady
0,skyward poor sky  why did you get it taken away
0,aidaa uh did i miss the quotclever commentquot i think i did 
0,man today is sstephdewhurst s last day of school  at our school anyways im so sad
0,clumsyxheart  ugh im so sorry does she blame you for not making an effort to do stuff  shesh im so sorry
0,hmmm looks like iphoneipod touch  will be available around am mdt  too bad i wont be home till after pm tonight 
0,babystray well am on train back to work so no iphone update for me till sunday 
0,oh man i wish i was in barcelona all we have is rain today 
0,my back hurts so much 
